1,1,perf-concurrency-creator@example.test,ACCEPT,2026-08-29 18:09:10.679167,CREATOR
9,35,perf-concurrency-user-034@example.test,ACCEPT,2026-08-29 18:28:31.752616,PARTICIPANT
12,23,perf-concurrency-user-022@example.test,ACCEPT,2026-08-29 18:28:31.768536,PARTICIPANT
14,30,perf-concurrency-user-029@example.test,ACCEPT,2026-08-29 18:28:31.771450,PARTICIPANT
19,32,perf-concurrency-user-031@example.test,ACCEPT,2026-08-29 18:28:31.774431,PARTICIPANT
25,98,perf-concurrency-user-097@example.test,ACCEPT,2026-08-29 18:28:31.783400,PARTICIPANT
27,96,perf-concurrency-user-095@example.test,ACCEPT,2026-08-29 18:28:31.785978,PARTICIPANT
29,37,perf-concurrency-user-036@example.test,ACCEPT,2026-08-29 18:28:31.793786,PARTICIPANT
35,43,perf-concurrency-user-042@example.test,ACCEPT,2026-08-29 18:28:31.796119,PARTICIPANT
39,13,perf-concurrency-user-012@example.test,ACCEPT,2026-08-29 18:28:31.803851,PARTICIPANT
45,94,perf-concurrency-user-093@example.test,ACCEPT,2026-08-29 18:28:31.811596,PARTICIPANT
48,12,perf-concurrency-user-011@example.test,ACCEPT,2026-08-29 18:28:31.821983,PARTICIPANT
49,42,perf-concurrency-user-041@example.test,ACCEPT,2026-08-29 18:28:31.826286,PARTICIPANT
